{
	"name": "Agency CSV to Syanpse",
	"properties": {
		"type": "MappingDataFlow",
		"typeProperties": {
			"sources": [
				{
					"dataset": {
						"referenceName": "AgencyMaster",
						"type": "DatasetReference"
					},
					"name": "AgencyMaster",
					"description": "Import data from AgencyMaster"
				}
			],
			"sinks": [
				{
					"dataset": {
						"referenceName": "NYC_Payroll_AGENCY_MD",
						"type": "DatasetReference"
					},
					"name": "NYCPayrollAGENCYMD"
				}
			],
			"transformations": [],
			"scriptLines": [
				"source(output(",
				"          AgencyID as string,",
				"          AgencyName as string",
				"     ),",
				"     allowSchemaDrift: true,",
				"     validateSchema: false,",
				"     ignoreNoFilesFound: false) ~> AgencyMaster",
				"AgencyMaster sink(allowSchemaDrift: true,",
				"     validateSchema: false,",
				"     input(",
				"          AgencyID as string,",
				"          AgencyName as string",
				"     ),",
				"     deletable:false,",
				"     insertable:true,",
				"     updateable:false,",
				"     upsertable:false,",
				"     format: 'table',",
				"     staged: true,",
				"     allowCopyCommand: true,",
				"     skipDuplicateMapInputs: true,",
				"     skipDuplicateMapOutputs: true,",
				"     errorHandlingOption: 'stopOnFirstError') ~> NYCPayrollAGENCYMD"
			]
		}
	}
}