{
	"name": "Aggregate Data",
	"properties": {
		"type": "MappingDataFlow",
		"typeProperties": {
			"sources": [
				{
					"dataset": {
						"referenceName": "NYC_Payrol_Data_Synapse",
						"type": "DatasetReference"
					},
					"name": "NYCPayrolDataSynapse"
				},
				{
					"dataset": {
						"referenceName": "Payroll_History",
						"type": "DatasetReference"
					},
					"name": "PayrollHistory"
				}
			],
			"sinks": [
				{
					"dataset": {
						"referenceName": "PayrollSummary",
						"type": "DatasetReference"
					},
					"name": "PayrollSummary"
				}
			],
			"transformations": [
				{
					"name": "union1"
				},
				{
					"name": "filter1"
				},
				{
					"name": "TotalPaid"
				},
				{
					"name": "aggregate1"
				}
			],
			"scriptLines": [
				"parameters{",
				"     FiscalYear as integer",
				"}",
				"source(output(",
				"          FiscalYear as integer,",
				"          PayrollNumber as integer,",
				"          AgencyID as string,",
				"          AgencyName as string,",
				"          EmployeeID as string,",
				"          LastName as string,",
				"          FirstName as string,",
				"          AgencyStartDate as date,",
				"          WorkLocationBorough as string,",
				"          TitleCode as string,",
				"          TitleDescription as string,",
				"          LeaveStatusasofJune30 as string,",
				"          BaseSalary as double,",
				"          PayBasis as string,",
				"          RegularHours as double,",
				"          RegularGrossPaid as double,",
				"          OTHours as double,",
				"          TotalOTPaid as double,",
				"          TotalOtherPay as double",
				"     ),",
				"     allowSchemaDrift: true,",
				"     validateSchema: false,",
				"     isolationLevel: 'READ_UNCOMMITTED',",
				"     format: 'table',",
				"     staged: true) ~> NYCPayrolDataSynapse",
				"source(output(",
				"          FiscalYear as integer,",
				"          PayrollNumber as short,",
				"          AgencyID as string,",
				"          AgencyName as string,",
				"          EmployeeID as string,",
				"          LastName as string,",
				"          FirstName as string,",
				"          AgencyStartDate as date,",
				"          WorkLocationBorough as string,",
				"          TitleCode as string,",
				"          TitleDescription as string,",
				"          LeaveStatusasofJune30 as string,",
				"          BaseSalary as double,",
				"          PayBasis as string,",
				"          RegularHours as double,",
				"          RegularGrossPaid as double,",
				"          OTHours as double,",
				"          TotalOTPaid as double,",
				"          TotalOtherPay as double",
				"     ),",
				"     allowSchemaDrift: true,",
				"     validateSchema: false,",
				"     ignoreNoFilesFound: false) ~> PayrollHistory",
				"NYCPayrolDataSynapse, PayrollHistory union(byName: true)~> union1",
				"union1 filter(toInteger(FiscalYear) >= $FiscalYear) ~> filter1",
				"filter1 derive(TotalPaid = RegularGrossPaid + TotalOTPaid+TotalOtherPay) ~> TotalPaid",
				"TotalPaid aggregate(groupBy(AgencyID,",
				"          FiscalYear),",
				"     TotalPaid = sum(TotalPaid)) ~> aggregate1",
				"aggregate1 sink(allowSchemaDrift: true,",
				"     validateSchema: false,",
				"     input(",
				"          FiscalYear as integer,",
				"          AgencyName as string,",
				"          TotalPaid as double",
				"     ),",
				"     deletable:false,",
				"     insertable:true,",
				"     updateable:false,",
				"     upsertable:false,",
				"     format: 'table',",
				"     staged: true,",
				"     allowCopyCommand: true,",
				"     skipDuplicateMapInputs: true,",
				"     skipDuplicateMapOutputs: true,",
				"     errorHandlingOption: 'stopOnFirstError') ~> PayrollSummary"
			]
		}
	}
}