{
	"name": "Emp CSV to Synapse",
	"properties": {
		"type": "MappingDataFlow",
		"typeProperties": {
			"sources": [
				{
					"dataset": {
						"referenceName": "EmpMaster",
						"type": "DatasetReference"
					},
					"name": "EmpMaster"
				}
			],
			"sinks": [
				{
					"dataset": {
						"referenceName": "NYC_Payroll_EMP_MD",
						"type": "DatasetReference"
					},
					"name": "NYCPayrollEMPMD"
				}
			],
			"transformations": [],
			"scriptLines": [
				"source(allowSchemaDrift: true,",
				"     validateSchema: false,",
				"     ignoreNoFilesFound: false) ~> EmpMaster",
				"EmpMaster sink(allowSchemaDrift: true,",
				"     validateSchema: false,",
				"     input(",
				"          EmployeeID as string,",
				"          LastName as string,",
				"          FirstName as string",
				"     ),",
				"     deletable:false,",
				"     insertable:true,",
				"     updateable:false,",
				"     upsertable:false,",
				"     format: 'table',",
				"     staged: true,",
				"     allowCopyCommand: true,",
				"     skipDuplicateMapInputs: true,",
				"     skipDuplicateMapOutputs: true,",
				"     errorHandlingOption: 'stopOnFirstError') ~> NYCPayrollEMPMD"
			]
		}
	}
}