{
	"name": "Title CSV to Synapse",
	"properties": {
		"type": "MappingDataFlow",
		"typeProperties": {
			"sources": [
				{
					"dataset": {
						"referenceName": "TitleMaster",
						"type": "DatasetReference"
					},
					"name": "TitleMaster"
				}
			],
			"sinks": [
				{
					"dataset": {
						"referenceName": "NYC_Payroll_TITLE_MD",
						"type": "DatasetReference"
					},
					"name": "NYCPayrollTITLEMD"
				}
			],
			"transformations": [],
			"scriptLines": [
				"source(allowSchemaDrift: true,",
				"     validateSchema: false,",
				"     ignoreNoFilesFound: false) ~> TitleMaster",
				"TitleMaster sink(allowSchemaDrift: true,",
				"     validateSchema: false,",
				"     input(",
				"          TitleCode as string,",
				"          TitleDescription as string",
				"     ),",
				"     deletable:false,",
				"     insertable:true,",
				"     updateable:false,",
				"     upsertable:false,",
				"     format: 'table',",
				"     staged: true,",
				"     allowCopyCommand: true,",
				"     skipDuplicateMapInputs: true,",
				"     skipDuplicateMapOutputs: true,",
				"     errorHandlingOption: 'stopOnFirstError') ~> NYCPayrollTITLEMD"
			]
		}
	}
}