{
	"name": "Master_pipeline",
	"properties": {
		"activities": [
			{
				"name": "Load 2021 payroll to Synapse",
				"type": "ExecuteDataFlow",
				"dependsOn": [],
				"policy": {
					"timeout": "0.12:00:00",
					"retry": 0,
					"retryIntervalInSeconds": 30,
					"secureOutput": false,
					"secureInput": false
				},
				"userProperties": [],
				"typeProperties": {
					"dataflow": {
						"referenceName": "Payroll 2021 SQL to Synapse",
						"type": "DataFlowReference"
					},
					"staging": {
						"linkedService": {
							"referenceName": "AzureDataLakeStorage1",
							"type": "LinkedServiceReference"
						},
						"folderPath": "mycontainer/stg"
					},
					"compute": {
						"coreCount": 8,
						"computeType": "General"
					},
					"traceLevel": "Fine"
				}
			},
			{
				"name": "Load Employee to Synapse",
				"type": "ExecuteDataFlow",
				"dependsOn": [],
				"policy": {
					"timeout": "0.12:00:00",
					"retry": 0,
					"retryIntervalInSeconds": 30,
					"secureOutput": false,
					"secureInput": false
				},
				"userProperties": [],
				"typeProperties": {
					"dataflow": {
						"referenceName": "Emp CSV to Synapse",
						"type": "DataFlowReference"
					},
					"staging": {
						"linkedService": {
							"referenceName": "AzureDataLakeStorage1",
							"type": "LinkedServiceReference"
						},
						"folderPath": "mycontainer/stg"
					},
					"compute": {
						"coreCount": 8,
						"computeType": "General"
					},
					"traceLevel": "None",
					"cacheSinks": {
						"firstRowOnly": true
					}
				}
			},
			{
				"name": "Load Agency to Synapse",
				"type": "ExecuteDataFlow",
				"dependsOn": [],
				"policy": {
					"timeout": "0.12:00:00",
					"retry": 0,
					"retryIntervalInSeconds": 30,
					"secureOutput": false,
					"secureInput": false
				},
				"userProperties": [],
				"typeProperties": {
					"dataflow": {
						"referenceName": "Agency CSV to Syanpse",
						"type": "DataFlowReference"
					},
					"staging": {
						"linkedService": {
							"referenceName": "AzureDataLakeStorage1",
							"type": "LinkedServiceReference"
						},
						"folderPath": "mycontainer/stg"
					},
					"compute": {
						"coreCount": 8,
						"computeType": "General"
					},
					"traceLevel": "Fine"
				}
			},
			{
				"name": "Load Payroll 2021 to SQL",
				"type": "ExecuteDataFlow",
				"dependsOn": [],
				"policy": {
					"timeout": "0.12:00:00",
					"retry": 0,
					"retryIntervalInSeconds": 30,
					"secureOutput": false,
					"secureInput": false
				},
				"userProperties": [],
				"typeProperties": {
					"dataflow": {
						"referenceName": "Payroll 2021 CSV to SQL",
						"type": "DataFlowReference"
					},
					"compute": {
						"coreCount": 8,
						"computeType": "General"
					},
					"traceLevel": "Fine"
				}
			},
			{
				"name": "Load Title to Synapse",
				"type": "ExecuteDataFlow",
				"dependsOn": [],
				"policy": {
					"timeout": "0.12:00:00",
					"retry": 0,
					"retryIntervalInSeconds": 30,
					"secureOutput": false,
					"secureInput": false
				},
				"userProperties": [],
				"typeProperties": {
					"dataflow": {
						"referenceName": "Title CSV to Synapse",
						"type": "DataFlowReference"
					},
					"staging": {
						"linkedService": {
							"referenceName": "AzureDataLakeStorage1",
							"type": "LinkedServiceReference"
						},
						"folderPath": "mycontainer/stg"
					},
					"compute": {
						"coreCount": 8,
						"computeType": "General"
					},
					"traceLevel": "Fine"
				}
			},
			{
				"name": "Aggreate Data",
				"type": "ExecuteDataFlow",
				"dependsOn": [
					{
						"activity": "Load 2021 payroll to Synapse",
						"dependencyConditions": [
							"Succeeded"
						]
					},
					{
						"activity": "Load Employee to Synapse",
						"dependencyConditions": [
							"Succeeded"
						]
					},
					{
						"activity": "Load Agency to Synapse",
						"dependencyConditions": [
							"Succeeded"
						]
					},
					{
						"activity": "Load Payroll 2021 to SQL",
						"dependencyConditions": [
							"Succeeded"
						]
					},
					{
						"activity": "Load Title to Synapse",
						"dependencyConditions": [
							"Succeeded"
						]
					}
				],
				"policy": {
					"timeout": "0.12:00:00",
					"retry": 0,
					"retryIntervalInSeconds": 30,
					"secureOutput": false,
					"secureInput": false
				},
				"userProperties": [],
				"typeProperties": {
					"dataflow": {
						"referenceName": "Aggregate Data",
						"type": "DataFlowReference",
						"parameters": {
							"FiscalYear": {
								"value": "@pipeline().parameters.FiscalYear",
								"type": "Expression"
							}
						}
					},
					"staging": {
						"linkedService": {
							"referenceName": "AzureDataLakeStorage1",
							"type": "LinkedServiceReference"
						},
						"folderPath": "mycontainer/stg"
					},
					"compute": {
						"coreCount": 8,
						"computeType": "General"
					},
					"traceLevel": "Fine"
				}
			}
		],
		"parameters": {
			"FiscalYear": {
				"type": "int",
				"defaultValue": 2020
			}
		},
		"annotations": [],
		"lastPublishTime": "2023-10-31T18:20:20Z"
	},
	"type": "Microsoft.Synapse/workspaces/pipelines"
}