{
	"name": "PayrollSummary",
	"properties": {
		"linkedServiceName": {
			"referenceName": "AzureSynapseAnalytics1",
			"type": "LinkedServiceReference"
		},
		"annotations": [],
		"type": "AzureSqlDWTable",
		"schema": [
			{
				"name": "FiscalYear",
				"type": "int",
				"precision": 10
			},
			{
				"name": "AgencyName",
				"type": "varchar"
			},
			{
				"name": "TotalPaid",
				"type": "float",
				"precision": 15
			}
		],
		"typeProperties": {
			"schema": "dbo",
			"table": "NYC_Payroll_Summary"
		}
	},
	"type": "Microsoft.Synapse/workspaces/datasets"
}